views,reply,rt,like,bookmark,media,is_quote,caption_prefix
506825,6,1606,4512,1501,video,0,이게뭐냐면 배드챌린지 미스테리버전
9129943,0,8144,84927,4019,photo,1,정작 톰홀랜드가 직접 찍은 사진
263906,8,1732,3395,4798,photo,1,국민연금어플 깔면 가입내역과 함께
301901,2,910,4062,3746,photo,0,이제 국전 갓다 갈 카페 생김
84690,0,684,2047,3018,photo,0,요즘 포토배싱 뜨는걸 자주 봤는데
1661738,41,7226,12191,3788,none,1,입추에 하면 좋은것 금기사항이랑
1457024,2,450,5343,3959,photo,1,올 여름에 제일 자주 입었던 팬츠
118880,0,888,2306,1844,photo,0,키차이가 많이 나는 커플의 포옹
139922,0,431,8096,1901,photo,0,레이지가 예전에 입던 옷을 아직
767937,26,1624,6724,4539,photo,0,20키로 빼기 전 코어없음 뚱띵이
117536,1,645,5312,2201,photo,0,옆모습에서는 엉덩이와 종아리의 가
72716,1,285,1251,1249,video,0,사이버 펑크 by REI
371267,1,1720,5370,4836,photo,0,광고아니고 외국인 상사나 바이어들
384800,53,7297,30445,4379,video,0,없어 없어 없어
713312,23,1357,5642,6395,photo,0,와 맨날30억하는 연예인손민수템사
64544,1,706,641,1519,video,0,#스킨 #배포 #판매 윈도우풍 티
6110969,479,8014,23474,2304,photo,0,[공지] 아티스트 로제(ROSÉ)
2791155,37,6052,30883,7283,none,1,저이거 꿀팁있는데 일단 너무 상식
1495578,1,6458,35790,6684,photo,0,착한 사람
694264,9,5110,7408,4021,photo,0,헐 스위치2 도트케이스 팔던 중샵
